-- MySQL dump 10.13  Distrib 5.5.62, for Win64 (AMD64)
--
-- Host: localhost    Database: subway
-- ------------------------------------------------------
-- Server version	5.7.32

/*!40101 SET @OLD_CHARACTER_SET_CLIENT=@@CHARACTER_SET_CLIENT */;
/*!40101 SET @OLD_CHARACTER_SET_RESULTS=@@CHARACTER_SET_RESULTS */;
/*!40101 SET @OLD_COLLATION_CONNECTION=@@COLLATION_CONNECTION */;
/*!40101 SET NAMES utf8 */;
/*!40103 SET @OLD_TIME_ZONE=@@TIME_ZONE */;
/*!40103 SET TIME_ZONE='+00:00' */;
/*!40014 SET @OLD_UNIQUE_CHECKS=@@UNIQUE_CHECKS, UNIQUE_CHECKS=0 */;
/*!40014 SET @OLD_FOREIGN_KEY_CHECKS=@@FOREIGN_KEY_CHECKS, FOREIGN_KEY_CHECKS=0 */;
/*!40101 SET @OLD_SQL_MODE=@@SQL_MODE, SQL_MODE='NO_AUTO_VALUE_ON_ZERO' */;
/*!40111 SET @OLD_SQL_NOTES=@@SQL_NOTES, SQL_NOTES=0 */;

--
-- Table structure for table `favorite`
--

DROP TABLE IF EXISTS `favorite`;
/*!40101 SET @saved_cs_client     = @@character_set_client */;
/*!40101 SET character_set_client = utf8 */;
CREATE TABLE `favorite` (
                            `id` bigint(20) NOT NULL AUTO_INCREMENT,
                            `created_date` datetime(6) DEFAULT NULL,
                            `modified_date` datetime(6) DEFAULT NULL,
                            `member_id` bigint(20) DEFAULT NULL,
                            `source_station_id` bigint(20) DEFAULT NULL,
                            `target_station_id` bigint(20) DEFAULT NULL,
                            PRIMARY KEY (`id`)
) ENGINE=InnoDB DEFAULT CHARSET=utf8mb4;
/*!40101 SET character_set_client = @saved_cs_client */;

--
-- Dumping data for table `favorite`
--

LOCK TABLES `favorite` WRITE;
/*!40000 ALTER TABLE `favorite` DISABLE KEYS */;
/*!40000 ALTER TABLE `favorite` ENABLE KEYS */;
UNLOCK TABLES;

--
-- Table structure for table `line`
--

DROP TABLE IF EXISTS `line`;
/*!40101 SET @saved_cs_client     = @@character_set_client */;
/*!40101 SET character_set_client = utf8 */;
CREATE TABLE `line` (
                        `id` bigint(20) NOT NULL AUTO_INCREMENT,
                        `created_date` datetime(6) DEFAULT NULL,
                        `modified_date` datetime(6) DEFAULT NULL,
                        `color` varchar(255) DEFAULT NULL,
                        `name` varchar(255) DEFAULT NULL,
                        PRIMARY KEY (`id`),
                        UNIQUE KEY `UK_9ney9davbulf79nmn9vg6k7tn` (`name`)
) ENGINE=InnoDB AUTO_INCREMENT=24 DEFAULT CHARSET=utf8mb4;
/*!40101 SET character_set_client = @saved_cs_client */;

--
-- Dumping data for table `line`
--

-- LOCK TABLES `line` WRITE;
-- /*!40000 ALTER TABLE `line` DISABLE KEYS */;
-- INSERT INTO `line` VALUES (1,'2021-01-06 18:32:00.901126','2021-05-21 02:27:04.561802','blue darken-4','1호선'),(2,'2021-01-06 18:32:00.901126','2021-05-21 02:27:10.559202','blue lighten-1','4호선'),(3,'2021-01-06 18:32:00.901126','2021-05-21 02:27:34.389357','purple darken-3','5호선'),(4,'2021-01-06 18:32:00.901126','2021-05-21 02:27:59.980690','yellow darken-3','6호선'),(5,'2021-01-06 18:32:00.901126','2021-05-21 02:28:06.324710','green darken-2','7호선'),(6,'2021-01-06 18:32:00.901126','2021-05-21 02:28:15.065986','pink lighten-1','8호선'),(7,'2021-01-06 18:32:00.901126','2021-05-21 02:28:21.617108','yellow darken-2','9호선'),(8,'2021-01-06 18:32:00.901126','2021-05-21 02:28:43.410129','blue darken-4','경강선'),(9,'2021-01-06 18:32:00.901126','2021-05-21 02:28:54.551124','teal lighten-2','경의선'),(10,'2021-01-06 18:32:00.901126','2021-05-21 02:29:06.466744','teal lighten-1','경춘선'),(11,'2021-01-06 18:32:00.901126','2021-05-21 02:29:24.123271','teal lighten-3','중앙선'),(12,'2021-01-06 18:32:00.901126','2021-05-21 02:29:33.579505','yellow darken-1','분당선'),(13,'2021-01-06 18:32:00.901126','2021-05-21 02:29:44.037470','yellow darken-4','인천2호선'),(14,'2021-01-06 18:32:00.901126','2021-05-21 02:29:50.406714','blue darken-1','인천선'),(15,'2021-01-06 18:32:00.901126','2021-05-21 02:29:56.214451','teal lighten-1','공항철도'),(16,'2021-01-06 18:32:00.901126','2021-05-21 02:30:07.854468','yellow darken-1','김포도시철도'),(17,'2021-01-06 18:32:00.901126','2021-05-21 02:30:14.534617','green lighten-3','서해선'),(18,'2021-01-06 18:32:00.901126','2021-05-21 02:30:23.920453','yellow darken-1','수인선'),(19,'2021-01-06 18:32:00.901126','2021-05-21 02:30:31.890515','green darken-1','용인경전철'),(20,'2021-01-06 18:32:00.901126','2021-05-21 02:30:37.821948','grey lighten-1','우이신설경전철'),(21,'2021-01-06 18:32:00.901126','2021-05-21 02:30:45.532931','yellow darken-1','의정부경전철'),(22,'2021-01-06 18:32:00.901126','2021-01-06 18:32:00.901126','green darken-2','2호선'),(23,'2021-01-06 18:32:00.901126','2021-01-06 18:32:00.901126','orange darken-1','3호선');
-- /*!40000 ALTER TABLE `line` ENABLE KEYS */;
-- UNLOCK TABLES;

--
-- Table structure for table `member`
--

DROP TABLE IF EXISTS `member`;
/*!40101 SET @saved_cs_client     = @@character_set_client */;
/*!40101 SET character_set_client = utf8 */;
CREATE TABLE `member` (
                          `id` bigint(20) NOT NULL AUTO_INCREMENT,
                          `created_date` datetime(6) DEFAULT NULL,
                          `modified_date` datetime(6) DEFAULT NULL,
                          `age` int(11) DEFAULT NULL,
                          `email` varchar(255) DEFAULT NULL,
                          `password` varchar(255) DEFAULT NULL,
                          PRIMARY KEY (`id`)
) ENGINE=InnoDB DEFAULT CHARSET=utf8mb4;
/*!40101 SET character_set_client = @saved_cs_client */;

--
-- Dumping data for table `member`
--

LOCK TABLES `member` WRITE;
/*!40000 ALTER TABLE `member` DISABLE KEYS */;
/*!40000 ALTER TABLE `member` ENABLE KEYS */;
UNLOCK TABLES;

--
-- Table structure for table `section`
--

DROP TABLE IF EXISTS `section`;
/*!40101 SET @saved_cs_client     = @@character_set_client */;
/*!40101 SET character_set_client = utf8 */;
CREATE TABLE `section` (
                           `id` bigint(20) NOT NULL AUTO_INCREMENT,
                           `distance` int(11) NOT NULL,
                           `down_station_id` bigint(20) DEFAULT NULL,
                           `line_id` bigint(20) DEFAULT NULL,
                           `up_station_id` bigint(20) DEFAULT NULL,
                           PRIMARY KEY (`id`),
                           KEY `FKtecjgrtoxbeeqpymapva62xfw` (`down_station_id`),
                           KEY `FKlfhpg8lrvyr948juittt221ux` (`line_id`),
                           KEY `FK18bw17tb86fh1igov96s9i6he` (`up_station_id`),
                           CONSTRAINT `FK18bw17tb86fh1igov96s9i6he` FOREIGN KEY (`up_station_id`) REFERENCES `station` (`id`),
                           CONSTRAINT `FKlfhpg8lrvyr948juittt221ux` FOREIGN KEY (`line_id`) REFERENCES `line` (`id`),
                           CONSTRAINT `FKtecjgrtoxbeeqpymapva62xfw` FOREIGN KEY (`down_station_id`) REFERENCES `station` (`id`)
) ENGINE=InnoDB AUTO_INCREMENT=341 DEFAULT CHARSET=utf8mb4;
/*!40101 SET character_set_client = @saved_cs_client */;

--
-- Dumping data for table `section`
--

-- LOCK TABLES `section` WRITE;
-- /*!40000 ALTER TABLE `section` DISABLE KEYS */;
-- INSERT INTO `section` VALUES (1,1,60,1,61),(2,1,66,1,60),(3,1,59,1,66),(4,1,72,1,59),(5,1,58,1,72),(6,1,65,1,58),(7,1,71,1,65),(8,1,57,1,71),(9,1,56,1,57),(10,1,64,1,56),(11,1,55,1,64),(12,1,68,1,55),(13,1,54,1,68),(14,1,63,1,54),(15,1,50,1,63),(16,1,67,1,50),(17,1,49,1,67),(18,1,48,1,49),(19,1,62,1,48),(20,1,23,1,62),(21,1,7,1,23),(22,1,6,1,7),(23,1,15,1,6),(24,1,5,1,15),(25,1,4,1,5),(26,1,3,1,4),(27,1,2,1,3),(28,1,112,1,2),(29,1,96,1,112),(30,1,97,1,96),(31,1,87,1,97),(32,1,88,1,87),(33,1,89,1,88),(34,1,93,1,89),(35,1,90,1,93),(36,1,91,1,90),(37,1,92,1,91),(38,1,8,1,92),(39,1,9,1,8),(40,1,10,1,9),(41,1,16,1,10),(42,1,11,1,16),(43,1,12,1,11),(44,1,13,1,12),(45,1,14,1,13),(46,1,73,1,14),(47,1,74,1,73),(48,1,75,1,74),(49,1,76,1,75),(50,1,77,1,76),(51,1,78,1,77),(52,1,79,1,78),(53,1,1,1,79),(54,1,80,1,1),(55,1,81,1,80),(56,1,82,1,81),(57,1,83,1,82),(58,1,84,1,83),(59,1,86,1,84),(60,1,85,1,86),(61,1,94,1,85),(62,1,127,22,128),(63,1,143,22,127),(64,1,144,22,143),(65,1,126,22,144),(66,1,125,22,126),(67,1,124,22,125),(68,1,123,22,124),(69,1,122,22,123),(70,1,96,22,122),(71,1,138,22,96),(72,1,137,22,138),(73,1,136,22,137),(74,1,135,22,136),(75,1,134,22,135),(76,1,133,22,134),(77,1,132,22,133),(78,1,119,22,132),(79,1,118,22,119),(80,1,7,22,118),(81,1,145,22,7),(82,1,116,22,145),(83,1,115,22,116),(84,1,114,22,115),(85,1,113,22,114),(86,1,111,22,113),(87,1,110,22,111),(88,1,109,22,110),(89,1,108,22,109),(90,1,142,22,108),(91,1,107,22,142),(92,1,106,22,107),(93,1,105,22,106),(94,1,104,22,105),(95,1,103,22,104),(96,1,102,22,103),(97,1,101,22,102),(98,1,100,22,101),(99,1,99,22,100),(100,1,98,22,99),(101,1,131,22,98),(102,1,130,22,131),(103,1,129,22,130),(104,1,187,23,188),(105,1,186,23,187),(106,1,185,23,186),(107,1,184,23,185),(108,1,183,23,184),(109,1,193,23,183),(110,1,182,23,193),(111,1,189,23,182),(112,1,190,23,189),(113,1,171,23,190),(114,1,172,23,171),(115,1,173,23,172),(116,1,174,23,173),(117,1,175,23,174),(118,1,176,23,175),(119,1,177,23,176),(120,1,178,23,177),(121,1,167,23,178),(122,1,168,23,167),(123,1,87,23,168),(124,1,123,23,87),(125,1,192,23,123),(126,1,158,23,192),(127,1,191,23,158),(128,1,159,23,191),(129,1,160,23,159),(130,1,161,23,160),(131,1,162,23,161),(132,1,163,23,162),(133,1,164,23,163),(134,1,107,23,164),(135,1,166,23,107),(136,1,150,23,166),(137,1,151,23,150),(138,1,152,23,151),(139,1,153,23,152),(140,1,154,23,153),(141,1,155,23,154),(142,1,156,23,155),(143,1,157,23,156),(144,1,179,23,157),(145,1,180,23,179),(146,1,181,23,180),(147,1,197,2,196),(148,1,198,2,197),(149,1,14,2,198),(150,1,200,2,14),(151,1,201,2,200),(152,1,202,2,201),(153,1,203,2,202),(154,1,204,2,203),(155,1,205,2,204),(156,1,206,2,205),(157,1,207,2,206),(158,1,89,2,207),(159,1,125,2,89),(160,1,192,2,125),(161,1,211,2,192),(162,1,212,2,211),(163,1,112,2,212),(164,1,213,2,112),(165,1,214,2,213),(166,1,215,2,214),(167,1,240,2,215),(168,1,216,2,240),(169,1,217,2,216),(170,1,109,2,217),(171,1,194,2,109),(172,1,226,2,194),(173,1,219,2,226),(174,1,220,2,219),(175,1,221,2,220),(176,1,222,2,221),(177,1,223,2,222),(178,1,224,2,223),(179,1,225,2,224),(180,1,29,2,225),(181,1,227,2,29),(182,1,239,2,227),(183,1,228,2,239),(184,1,229,2,228),(185,1,230,2,229),(186,1,231,2,230),(187,1,232,2,231),(188,1,233,2,232),(189,1,234,2,233),(190,1,235,2,234),(191,1,236,2,235),(192,1,237,2,236),(193,1,238,2,237),(194,1,247,3,246),(195,1,248,3,247),(196,1,249,3,248),(197,1,250,3,249),(198,1,256,3,250),(199,1,257,3,256),(200,1,258,3,257),(201,1,140,3,258),(202,1,260,3,140),(203,1,261,3,260),(204,1,262,3,261),(205,1,263,3,262),(206,1,119,3,263),(207,1,265,3,119),(208,1,15,3,265),(209,1,267,3,15),(210,1,268,3,267),(211,1,269,3,268),(212,1,270,3,269),(213,1,251,3,270),(214,1,138,3,251),(215,1,252,3,138),(216,1,253,3,252),(217,1,87,3,253),(218,1,124,3,87),(219,1,125,3,124),(220,1,293,3,125),(221,1,272,3,293),(222,1,273,3,272),(223,1,143,3,273),(224,1,274,3,143),(225,1,275,3,274),(226,1,276,3,275),(227,1,277,3,276),(228,1,278,3,277),(229,1,279,3,278),(230,1,280,3,279),(231,1,281,3,280),(232,1,242,3,281),(233,1,243,3,242),(234,1,181,3,243),(235,1,289,3,181),(236,1,290,3,289),(237,1,291,3,290),(238,1,383,5,344),(239,1,382,5,383),(240,1,381,5,382),(241,1,380,5,381),(242,1,379,5,380),(243,1,343,5,379),(244,1,342,5,343),(245,1,341,5,342),(246,1,67,5,341),(247,1,361,5,67),(248,1,360,5,361),(249,1,359,5,360),(250,1,24,5,359),(251,1,357,5,24),(252,1,145,5,357),(253,1,355,5,145),(254,1,354,5,355),(255,1,353,5,354),(256,1,352,5,353),(257,1,351,5,352),(258,1,350,5,351),(259,1,349,5,350),(260,1,217,5,349),(261,1,339,5,217),(262,1,164,5,339),(263,1,337,5,164),(264,1,336,5,337),(265,1,335,5,336),(266,1,334,5,335),(267,1,369,5,334),(268,1,368,5,369),(269,1,130,5,368),(270,1,348,5,130),(271,1,277,5,348),(272,1,347,5,277),(273,1,346,5,347),(274,1,345,5,346),(275,1,366,5,345),(276,1,365,5,366),(277,1,364,5,365),(278,1,378,5,364),(279,1,329,5,378),(280,1,376,5,329),(281,1,375,5,376),(282,1,374,5,375),(283,1,198,5,374),(284,1,372,5,198),(285,1,371,5,372),(286,1,75,5,371),(287,1,363,5,75),(288,1,390,6,391),(289,1,389,6,390),(290,1,400,6,389),(291,1,399,6,400),(292,1,398,6,399),(293,1,397,6,398),(294,1,396,6,397),(295,1,395,6,396),(296,1,179,6,395),(297,1,393,6,179),(298,1,392,6,393),(299,1,100,6,392),(300,1,387,6,100),(301,1,386,6,387),(302,1,280,6,386),(303,1,384,6,280),(304,1,248,7,413),(305,1,415,7,248),(306,1,416,7,415),(307,1,417,7,416),(308,1,418,7,417),(309,1,437,7,418),(310,1,419,7,437),(311,1,420,7,419),(312,1,428,7,420),(313,1,429,7,428),(314,1,421,7,429),(315,1,132,7,421),(316,1,431,7,132),(317,1,267,7,431),(318,1,422,7,267),(319,1,4,7,422),(320,1,433,7,4),(321,1,424,7,433),(322,1,216,7,424),(323,1,425,7,216),(324,1,426,7,425),(325,1,164,7,426),(326,1,436,7,164),(327,1,427,7,436),(328,1,438,7,427),(329,1,407,7,438),(330,1,408,7,407),(331,1,409,7,408),(332,1,102,7,409),(333,1,411,7,102),(334,1,401,7,411),(335,1,392,7,401),(336,1,403,7,392),(337,1,404,7,403),(338,1,243,7,404),(339,1,406,7,243),(340,1,412,7,406);
-- /*!40000 ALTER TABLE `section` ENABLE KEYS */;
-- UNLOCK TABLES;

--
-- Table structure for table `station`
--

DROP TABLE IF EXISTS `station`;
/*!40101 SET @saved_cs_client     = @@character_set_client */;
/*!40101 SET character_set_client = utf8 */;
CREATE TABLE `station` (
                           `id` bigint(20) NOT NULL AUTO_INCREMENT,
                           `created_date` datetime(6) DEFAULT NULL,
                           `modified_date` datetime(6) DEFAULT NULL,
                           `name` varchar(255) DEFAULT NULL,
                           PRIMARY KEY (`id`),
                           UNIQUE KEY `UK_gnneuc0peq2qi08yftdjhy7ok` (`name`)
) ENGINE=InnoDB AUTO_INCREMENT=728 DEFAULT CHARSET=utf8mb4;
/*!40101 SET character_set_client = @saved_cs_client */;

--
-- Dumping data for table `station`
--

-- LOCK TABLES `station` WRITE;
-- /*!40000 ALTER TABLE `station` DISABLE KEYS */;
-- INSERT INTO `station` VALUES (1,'2021-01-06 18:32:00.901126','2021-01-06 18:32:00.901126','녹양'),(2,'2021-01-06 18:32:00.901126','2021-01-06 18:32:00.901126','남영'),(3,'2021-01-06 18:32:00.901126','2021-01-06 18:32:00.901126','용산'),(4,'2021-01-06 18:32:00.901126','2021-01-06 18:32:00.901126','노량진'),(5,'2021-01-06 18:32:00.901126','2021-01-06 18:32:00.901126','대방'),(6,'2021-01-06 18:32:00.901126','2021-01-06 18:32:00.901126','영등포'),(7,'2021-01-06 18:32:00.901126','2021-01-06 18:32:00.901126','신도림'),(8,'2021-01-06 18:32:00.901126','2021-01-06 18:32:00.901126','회기'),(9,'2021-01-06 18:32:00.901126','2021-01-06 18:32:00.901126','외대앞'),(10,'2021-01-06 18:32:00.901126','2021-01-06 18:32:00.901126','신이문'),(11,'2021-01-06 18:32:00.901126','2021-01-06 18:32:00.901126','광운대'),(12,'2021-01-06 18:32:00.901126','2021-01-06 18:32:00.901126','월계'),(13,'2021-01-06 18:32:00.901126','2021-01-06 18:32:00.901126','녹천'),(14,'2021-01-06 18:32:00.901126','2021-01-06 18:32:00.901126','창동'),(15,'2021-01-06 18:32:00.901126','2021-01-06 18:32:00.901126','신길'),(16,'2021-01-06 18:32:00.901126','2021-01-06 18:32:00.901126','석계'),(17,'2021-01-06 18:32:00.901126','2021-01-06 18:32:00.901126','봉명'),(18,'2021-01-06 18:32:00.901126','2021-01-06 18:32:00.901126','쌍용'),(19,'2021-01-06 18:32:00.901126','2021-01-06 18:32:00.901126','아산'),(20,'2021-01-06 18:32:00.901126','2021-01-06 18:32:00.901126','배방'),(21,'2021-01-06 18:32:00.901126','2021-01-06 18:32:00.901126','온양온천'),(22,'2021-01-06 18:32:00.901126','2021-01-06 18:32:00.901126','신창'),(23,'2021-01-06 18:32:00.901126','2021-01-06 18:32:00.901126','구로'),(24,'2021-01-06 18:32:00.901126','2021-01-06 18:32:00.901126','가산디지털단지'),(25,'2021-01-06 18:32:00.901126','2021-01-06 18:32:00.901126','금천구청'),(26,'2021-01-06 18:32:00.901126','2021-01-06 18:32:00.901126','관악'),(27,'2021-01-06 18:32:00.901126','2021-01-06 18:32:00.901126','안양'),(28,'2021-01-06 18:32:00.901126','2021-01-06 18:32:00.901126','명학'),(29,'2021-01-06 18:32:00.901126','2021-01-06 18:32:00.901126','금정'),(30,'2021-01-06 18:32:00.901126','2021-01-06 18:32:00.901126','의왕'),(31,'2021-01-06 18:32:00.901126','2021-01-06 18:32:00.901126','성균관대'),(32,'2021-01-06 18:32:00.901126','2021-01-06 18:32:00.901126','석수'),(33,'2021-01-06 18:32:00.901126','2021-01-06 18:32:00.901126','화서'),(34,'2021-01-06 18:32:00.901126','2021-01-06 18:32:00.901126','수원'),(35,'2021-01-06 18:32:00.901126','2021-01-06 18:32:00.901126','독산'),(36,'2021-01-06 18:32:00.901126','2021-01-06 18:32:00.901126','세류'),(37,'2021-01-06 18:32:00.901126','2021-01-06 18:32:00.901126','병점'),(38,'2021-01-06 18:32:00.901126','2021-01-06 18:32:00.901126','세마'),(39,'2021-01-06 18:32:00.901126','2021-01-06 18:32:00.901126','오산대'),(40,'2021-01-06 18:32:00.901126','2021-01-06 18:32:00.901126','송탄'),(41,'2021-01-06 18:32:00.901126','2021-01-06 18:32:00.901126','서정리'),(42,'2021-01-06 18:32:00.901126','2021-01-06 18:32:00.901126','평택'),(43,'2021-01-06 18:32:00.901126','2021-01-06 18:32:00.901126','성환'),(44,'2021-01-06 18:32:00.901126','2021-01-06 18:32:00.901126','직산'),(45,'2021-01-06 18:32:00.901126','2021-01-06 18:32:00.901126','두정'),(46,'2021-01-06 18:32:00.901126','2021-01-06 18:32:00.901126','천안'),(47,'2021-01-06 18:32:00.901126','2021-01-06 18:32:00.901126','광명'),(48,'2021-01-06 18:32:00.901126','2021-01-06 18:32:00.901126','개봉'),(49,'2021-01-06 18:32:00.901126','2021-01-06 18:32:00.901126','오류동'),(50,'2021-01-06 18:32:00.901126','2021-01-06 18:32:00.901126','역곡'),(51,'2021-01-06 18:32:00.901126','2021-01-06 18:32:00.901126','군포'),(52,'2021-01-06 18:32:00.901126','2021-01-06 18:32:00.901126','당정'),(53,'2021-01-06 18:32:00.901126','2021-01-06 18:32:00.901126','서동탄'),(54,'2021-01-06 18:32:00.901126','2021-01-06 18:32:00.901126','부천'),(55,'2021-01-06 18:32:00.901126','2021-01-06 18:32:00.901126','송내'),(56,'2021-01-06 18:32:00.901126','2021-01-06 18:32:00.901126','부평'),(57,'2021-01-06 18:32:00.901126','2021-01-06 18:32:00.901126','백운'),(58,'2021-01-06 18:32:00.901126','2021-01-06 18:32:00.901126','주안'),(59,'2021-01-06 18:32:00.901126','2021-01-06 18:32:00.901126','제물포'),(60,'2021-01-06 18:32:00.901126','2021-01-06 18:32:00.901126','동인천'),(61,'2021-01-06 18:32:00.901126','2021-01-06 18:32:00.901126','인천'),(62,'2021-01-06 18:32:00.901126','2021-01-06 18:32:00.901126','구일'),(63,'2021-01-06 18:32:00.901126','2021-01-06 18:32:00.901126','소사'),(64,'2021-01-06 18:32:00.901126','2021-01-06 18:32:00.901126','부개'),(65,'2021-01-06 18:32:00.901126','2021-01-06 18:32:00.901126','간석'),(66,'2021-01-06 18:32:00.901126','2021-01-06 18:32:00.901126','도원'),(67,'2021-01-06 18:32:00.901126','2021-01-06 18:32:00.901126','온수'),(68,'2021-01-06 18:32:00.901126','2021-01-06 18:32:00.901126','중동'),(69,'2021-01-06 18:32:00.901126','2021-01-06 18:32:00.901126','오산'),(70,'2021-01-06 18:32:00.901126','2021-01-06 18:32:00.901126','진위'),(71,'2021-01-06 18:32:00.901126','2021-01-06 18:32:00.901126','동암'),(72,'2021-01-06 18:32:00.901126','2021-01-06 18:32:00.901126','도화'),(73,'2021-01-06 18:32:00.901126','2021-01-06 18:32:00.901126','방학'),(74,'2021-01-06 18:32:00.901126','2021-01-06 18:32:00.901126','도봉'),(75,'2021-01-06 18:32:00.901126','2021-01-06 18:32:00.901126','도봉산'),(76,'2021-01-06 18:32:00.901126','2021-01-06 18:32:00.901126','망월사'),(77,'2021-01-06 18:32:00.901126','2021-01-06 18:32:00.901126','회룡'),(78,'2021-01-06 18:32:00.901126','2021-01-06 18:32:00.901126','의정부'),(79,'2021-01-06 18:32:00.901126','2021-01-06 18:32:00.901126','가능'),(80,'2021-01-06 18:32:00.901126','2021-01-06 18:32:00.901126','양주'),(81,'2021-01-06 18:32:00.901126','2021-01-06 18:32:00.901126','덕계'),(82,'2021-01-06 18:32:00.901126','2021-01-06 18:32:00.901126','덕정'),(83,'2021-01-06 18:32:00.901126','2021-01-06 18:32:00.901126','지행'),(84,'2021-01-06 18:32:00.901126','2021-01-06 18:32:00.901126','동두천중앙'),(85,'2021-01-06 18:32:00.901126','2021-01-06 18:32:00.901126','동두천'),(86,'2021-01-06 18:32:00.901126','2021-01-06 18:32:00.901126','보산'),(87,'2021-01-06 18:32:00.901126','2021-01-06 18:32:00.901126','종로3가'),(88,'2021-01-06 18:32:00.901126','2021-01-06 18:32:00.901126','종로5가'),(89,'2021-01-06 18:32:00.901126','2021-01-06 18:32:00.901126','동대문'),(90,'2021-01-06 18:32:00.901126','2021-01-06 18:32:00.901126','신설동'),(91,'2021-01-06 18:32:00.901126','2021-01-06 18:32:00.901126','제기동'),(92,'2021-01-06 18:32:00.901126','2021-01-06 18:32:00.901126','청량리'),(93,'2021-01-06 18:32:00.901126','2021-01-06 18:32:00.901126','동묘앞'),(94,'2021-01-06 18:32:00.901126','2021-01-06 18:32:00.901126','소요산'),(95,'2021-01-06 18:32:00.901126','2021-01-06 18:32:00.901126','지제'),(96,'2021-01-06 18:32:00.901126','2021-01-06 18:32:00.901126','시청'),(97,'2021-01-06 18:32:00.901126','2021-01-06 18:32:00.901126','종각'),(98,'2021-01-06 18:32:00.901126','2021-01-06 18:32:00.901126','강변'),(99,'2021-01-06 18:32:00.901126','2021-01-06 18:32:00.901126','잠실나루'),(100,'2021-01-06 18:32:00.901126','2021-01-06 18:32:00.901126','잠실'),(101,'2021-01-06 18:32:00.901126','2021-01-06 18:32:00.901126','잠실새내'),(102,'2021-01-06 18:32:00.901126','2021-01-06 18:32:00.901126','종합운동장'),(103,'2021-01-06 18:32:00.901126','2021-01-06 18:32:00.901126','삼성'),(104,'2021-01-06 18:32:00.901126','2021-01-06 18:32:00.901126','선릉'),(105,'2021-01-06 18:32:00.901126','2021-01-06 18:32:00.901126','역삼'),(106,'2021-01-06 18:32:00.901126','2021-01-06 18:32:00.901126','강남'),(107,'2021-01-06 18:32:00.901126','2021-01-06 18:32:00.901126','교대'),(108,'2021-01-06 18:32:00.901126','2021-01-06 18:32:00.901126','방배'),(109,'2021-01-06 18:32:00.901126','2021-01-06 18:32:00.901126','사당'),(110,'2021-01-06 18:32:00.901126','2021-01-06 18:32:00.901126','낙성대'),(111,'2021-01-06 18:32:00.901126','2021-01-06 18:32:00.901126','서울대입구'),(112,'2021-01-06 18:32:00.901126','2021-01-06 18:32:00.901126','서울역'),(113,'2021-01-06 18:32:00.901126','2021-01-06 18:32:00.901126','봉천'),(114,'2021-01-06 18:32:00.901126','2021-01-06 18:32:00.901126','신림'),(115,'2021-01-06 18:32:00.901126','2021-01-06 18:32:00.901126','신대방'),(116,'2021-01-06 18:32:00.901126','2021-01-06 18:32:00.901126','구로디지털단지'),(118,'2021-01-06 18:32:00.901126','2021-01-06 18:32:00.901126','문래'),(119,'2021-01-06 18:32:00.901126','2021-01-06 18:32:00.901126','영등포구청'),(120,'2021-01-06 18:32:00.901126','2021-01-06 18:32:00.901126','용답'),(121,'2021-01-06 18:32:00.901126','2021-01-06 18:32:00.901126','신정네거리'),(122,'2021-01-06 18:32:00.901126','2021-01-06 18:32:00.901126','을지로입구'),(123,'2021-01-06 18:32:00.901126','2021-01-06 18:32:00.901126','을지로3가'),(124,'2021-01-06 18:32:00.901126','2021-01-06 18:32:00.901126','을지로4가'),(125,'2021-01-06 18:32:00.901126','2021-01-06 18:32:00.901126','동대문역사문화공원'),(126,'2021-01-06 18:32:00.901126','2021-01-06 18:32:00.901126','신당'),(127,'2021-01-06 18:32:00.901126','2021-01-06 18:32:00.901126','한양대'),(128,'2021-01-06 18:32:00.901126','2021-01-06 18:32:00.901126','뚝섬'),(129,'2021-01-06 18:32:00.901126','2021-01-06 18:32:00.901126','성수'),(130,'2021-01-06 18:32:00.901126','2021-01-06 18:32:00.901126','건대입구'),(131,'2021-01-06 18:32:00.901126','2021-01-06 18:32:00.901126','구의'),(132,'2021-01-06 18:32:00.901126','2021-01-06 18:32:00.901126','당산'),(133,'2021-01-06 18:32:00.901126','2021-01-06 18:32:00.901126','합정'),(134,'2021-01-06 18:32:00.901126','2021-01-06 18:32:00.901126','홍대입구'),(135,'2021-01-06 18:32:00.901126','2021-01-06 18:32:00.901126','신촌'),(136,'2021-01-06 18:32:00.901126','2021-01-06 18:32:00.901126','이대'),(137,'2021-01-06 18:32:00.901126','2021-01-06 18:32:00.901126','아현'),(138,'2021-01-06 18:32:00.901126','2021-01-06 18:32:00.901126','충정로'),(139,'2021-01-06 18:32:00.901126','2021-01-06 18:32:00.901126','신답'),(140,'2021-01-06 18:32:00.901126','2021-01-06 18:32:00.901126','까치산'),(142,'2021-01-06 18:32:00.901126','2021-01-06 18:32:00.901126','서초'),(143,'2021-01-06 18:32:00.901126','2021-01-06 18:32:00.901126','왕십리'),(144,'2021-01-06 18:32:00.901126','2021-01-06 18:32:00.901126','상왕십리'),(145,'2021-01-06 18:32:00.901126','2021-01-06 18:32:00.901126','대림'),(147,'2021-01-06 18:32:00.901126','2021-01-06 18:32:00.901126','도림천'),(148,'2021-01-06 18:32:00.901126','2021-01-06 18:32:00.901126','양천구청'),(149,'2021-01-06 18:32:00.901126','2021-01-06 18:32:00.901126','용두'),(150,'2021-01-06 18:32:00.901126','2021-01-06 18:32:00.901126','양재'),(151,'2021-01-06 18:32:00.901126','2021-01-06 18:32:00.901126','매봉'),(152,'2021-01-06 18:32:00.901126','2021-01-06 18:32:00.901126','도곡'),(153,'2021-01-06 18:32:00.901126','2021-01-06 18:32:00.901126','대치'),(154,'2021-01-06 18:32:00.901126','2021-01-06 18:32:00.901126','학여울'),(155,'2021-01-06 18:32:00.901126','2021-01-06 18:32:00.901126','대청'),(156,'2021-01-06 18:32:00.901126','2021-01-06 18:32:00.901126','일원'),(157,'2021-01-06 18:32:00.901126','2021-01-06 18:32:00.901126','수서'),(158,'2021-01-06 18:32:00.901126','2021-01-06 18:32:00.901126','동대입구'),(159,'2021-01-06 18:32:00.901126','2021-01-06 18:32:00.901126','금호'),(160,'2021-01-06 18:32:00.901126','2021-01-06 18:32:00.901126','옥수'),(161,'2021-01-06 18:32:00.901126','2021-01-06 18:32:00.901126','압구정'),(162,'2021-01-06 18:32:00.901126','2021-01-06 18:32:00.901126','신사'),(163,'2021-01-06 18:32:00.901126','2021-01-06 18:32:00.901126','잠원'),(164,'2021-01-06 18:32:00.901126','2021-01-06 18:32:00.901126','고속터미널'),(166,'2021-01-06 18:32:00.901126','2021-01-06 18:32:00.901126','남부터미널'),(167,'2021-01-06 18:32:00.901126','2021-01-06 18:32:00.901126','경복궁'),(168,'2021-01-06 18:32:00.901126','2021-01-06 18:32:00.901126','안국'),(171,'2021-01-06 18:32:00.901126','2021-01-06 18:32:00.901126','지축'),(172,'2021-01-06 18:32:00.901126','2021-01-06 18:32:00.901126','구파발'),(173,'2021-01-06 18:32:00.901126','2021-01-06 18:32:00.901126','연신내'),(174,'2021-01-06 18:32:00.901126','2021-01-06 18:32:00.901126','불광'),(175,'2021-01-06 18:32:00.901126','2021-01-06 18:32:00.901126','녹번'),(176,'2021-01-06 18:32:00.901126','2021-01-06 18:32:00.901126','홍제'),(177,'2021-01-06 18:32:00.901126','2021-01-06 18:32:00.901126','무악재'),(178,'2021-01-06 18:32:00.901126','2021-01-06 18:32:00.901126','독립문'),(179,'2021-01-06 18:32:00.901126','2021-01-06 18:32:00.901126','가락시장'),(180,'2021-01-06 18:32:00.901126','2021-01-06 18:32:00.901126','경찰병원'),(181,'2021-01-06 18:32:00.901126','2021-01-06 18:32:00.901126','오금'),(182,'2021-01-06 18:32:00.901126','2021-01-06 18:32:00.901126','원당'),(183,'2021-01-06 18:32:00.901126','2021-01-06 18:32:00.901126','대곡'),(184,'2021-01-06 18:32:00.901126','2021-01-06 18:32:00.901126','백석'),(185,'2021-01-06 18:32:00.901126','2021-01-06 18:32:00.901126','마두'),(186,'2021-01-06 18:32:00.901126','2021-01-06 18:32:00.901126','정발산'),(187,'2021-01-06 18:32:00.901126','2021-01-06 18:32:00.901126','주엽'),(188,'2021-01-06 18:32:00.901126','2021-01-06 18:32:00.901126','대화'),(189,'2021-01-06 18:32:00.901126','2021-01-06 18:32:00.901126','원흥'),(190,'2021-01-06 18:32:00.901126','2021-01-06 18:32:00.901126','삼송'),(191,'2021-01-06 18:32:00.901126','2021-01-06 18:32:00.901126','약수'),(192,'2021-01-06 18:32:00.901126','2021-01-06 18:32:00.901126','충무로'),(193,'2021-01-06 18:32:00.901126','2021-01-06 18:32:00.901126','화정'),(194,'2021-01-06 18:32:00.901126','2021-01-06 18:32:00.901126','남태령'),(196,'2021-01-06 18:32:00.901126','2021-01-06 18:32:00.901126','당고개'),(197,'2021-01-06 18:32:00.901126','2021-01-06 18:32:00.901126','상계'),(198,'2021-01-06 18:32:00.901126','2021-01-06 18:32:00.901126','노원'),(200,'2021-01-06 18:32:00.901126','2021-01-06 18:32:00.901126','쌍문'),(201,'2021-01-06 18:32:00.901126','2021-01-06 18:32:00.901126','수유'),(202,'2021-01-06 18:32:00.901126','2021-01-06 18:32:00.901126','미아'),(203,'2021-01-06 18:32:00.901126','2021-01-06 18:32:00.901126','미아사거리'),(204,'2021-01-06 18:32:00.901126','2021-01-06 18:32:00.901126','길음'),(205,'2021-01-06 18:32:00.901126','2021-01-06 18:32:00.901126','성신여대입구'),(206,'2021-01-06 18:32:00.901126','2021-01-06 18:32:00.901126','한성대입구'),(207,'2021-01-06 18:32:00.901126','2021-01-06 18:32:00.901126','혜화'),(211,'2021-01-06 18:32:00.901126','2021-01-06 18:32:00.901126','명동'),(212,'2021-01-06 18:32:00.901126','2021-01-06 18:32:00.901126','회현'),(213,'2021-01-06 18:32:00.901126','2021-01-06 18:32:00.901126','숙대입구'),(214,'2021-01-06 18:32:00.901126','2021-01-06 18:32:00.901126','삼각지'),(215,'2021-01-06 18:32:00.901126','2021-01-06 18:32:00.901126','신용산'),(216,'2021-01-06 18:32:00.901126','2021-01-06 18:32:00.901126','동작'),(217,'2021-01-06 18:32:00.901126','2021-01-06 18:32:00.901126','총신대입구'),(219,'2021-01-06 18:32:00.901126','2021-01-06 18:32:00.901126','경마공원'),(220,'2021-01-06 18:32:00.901126','2021-01-06 18:32:00.901126','대공원'),(221,'2021-01-06 18:32:00.901126','2021-01-06 18:32:00.901126','과천'),(222,'2021-01-06 18:32:00.901126','2021-01-06 18:32:00.901126','정부과천청사'),(223,'2021-01-06 18:32:00.901126','2021-01-06 18:32:00.901126','인덕원'),(224,'2021-01-06 18:32:00.901126','2021-01-06 18:32:00.901126','평촌'),(225,'2021-01-06 18:32:00.901126','2021-01-06 18:32:00.901126','범계'),(226,'2021-01-06 18:32:00.901126','2021-01-06 18:32:00.901126','선바위'),(227,'2021-01-06 18:32:00.901126','2021-01-06 18:32:00.901126','산본'),(228,'2021-01-06 18:32:00.901126','2021-01-06 18:32:00.901126','대야미'),(229,'2021-01-06 18:32:00.901126','2021-01-06 18:32:00.901126','반월'),(230,'2021-01-06 18:32:00.901126','2021-01-06 18:32:00.901126','상록수'),(231,'2021-01-06 18:32:00.901126','2021-01-06 18:32:00.901126','한대앞'),(232,'2021-01-06 18:32:00.901126','2021-01-06 18:32:00.901126','중앙'),(233,'2021-01-06 18:32:00.901126','2021-01-06 18:32:00.901126','고잔'),(234,'2021-01-06 18:32:00.901126','2021-01-06 18:32:00.901126','초지'),(235,'2021-01-06 18:32:00.901126','2021-01-06 18:32:00.901126','안산'),(236,'2021-01-06 18:32:00.901126','2021-01-06 18:32:00.901126','신길온천'),(237,'2021-01-06 18:32:00.901126','2021-01-06 18:32:00.901126','정왕'),(238,'2021-01-06 18:32:00.901126','2021-01-06 18:32:00.901126','오이도'),(239,'2021-01-06 18:32:00.901126','2021-01-06 18:32:00.901126','수리산'),(240,'2021-01-06 18:32:00.901126','2021-01-06 18:32:00.901126','이촌'),(242,'2021-01-06 18:32:00.901126','2021-01-06 18:32:00.901126','둔촌동'),(243,'2021-01-06 18:32:00.901126','2021-01-06 18:32:00.901126','올림픽공원'),(244,'2021-01-06 18:32:00.901126','2021-01-06 18:32:00.901126','미사'),(245,'2021-01-06 18:32:00.901126','2021-01-06 18:32:00.901126','하남풍산'),(246,'2021-01-06 18:32:00.901126','2021-01-06 18:32:00.901126','방화'),(247,'2021-01-06 18:32:00.901126','2021-01-06 18:32:00.901126','개화산'),(248,'2021-01-06 18:32:00.901126','2021-01-06 18:32:00.901126','김포공항'),(249,'2021-01-06 18:32:00.901126','2021-01-06 18:32:00.901126','송정'),(250,'2021-01-06 18:32:00.901126','2021-01-06 18:32:00.901126','마곡'),(251,'2021-01-06 18:32:00.901126','2021-01-06 18:32:00.901126','애오개'),(252,'2021-01-06 18:32:00.901126','2021-01-06 18:32:00.901126','서대문'),(253,'2021-01-06 18:32:00.901126','2021-01-06 18:32:00.901126','광화문'),(256,'2021-01-06 18:32:00.901126','2021-01-06 18:32:00.901126','발산'),(257,'2021-01-06 18:32:00.901126','2021-01-06 18:32:00.901126','우장산'),(258,'2021-01-06 18:32:00.901126','2021-01-06 18:32:00.901126','화곡'),(260,'2021-01-06 18:32:00.901126','2021-01-06 18:32:00.901126','신정'),(261,'2021-01-06 18:32:00.901126','2021-01-06 18:32:00.901126','목동'),(262,'2021-01-06 18:32:00.901126','2021-01-06 18:32:00.901126','오목교'),(263,'2021-01-06 18:32:00.901126','2021-01-06 18:32:00.901126','양평'),(265,'2021-01-06 18:32:00.901126','2021-01-06 18:32:00.901126','영등포시장'),(267,'2021-01-06 18:32:00.901126','2021-01-06 18:32:00.901126','여의도'),(268,'2021-01-06 18:32:00.901126','2021-01-06 18:32:00.901126','여의나루'),(269,'2021-01-06 18:32:00.901126','2021-01-06 18:32:00.901126','마포'),(270,'2021-01-06 18:32:00.901126','2021-01-06 18:32:00.901126','공덕'),(272,'2021-01-06 18:32:00.901126','2021-01-06 18:32:00.901126','신금호'),(273,'2021-01-06 18:32:00.901126','2021-01-06 18:32:00.901126','행당'),(274,'2021-01-06 18:32:00.901126','2021-01-06 18:32:00.901126','마장'),(275,'2021-01-06 18:32:00.901126','2021-01-06 18:32:00.901126','답십리'),(276,'2021-01-06 18:32:00.901126','2021-01-06 18:32:00.901126','장한평'),(277,'2021-01-06 18:32:00.901126','2021-01-06 18:32:00.901126','군자'),(278,'2021-01-06 18:32:00.901126','2021-01-06 18:32:00.901126','아차산'),(279,'2021-01-06 18:32:00.901126','2021-01-06 18:32:00.901126','광나루'),(280,'2021-01-06 18:32:00.901126','2021-01-06 18:32:00.901126','천호'),(281,'2021-01-06 18:32:00.901126','2021-01-06 18:32:00.901126','강동'),(282,'2021-01-06 18:32:00.901126','2021-01-06 18:32:00.901126','길동'),(283,'2021-01-06 18:32:00.901126','2021-01-06 18:32:00.901126','굽은다리'),(284,'2021-01-06 18:32:00.901126','2021-01-06 18:32:00.901126','명일'),(285,'2021-01-06 18:32:00.901126','2021-01-06 18:32:00.901126','고덕'),(286,'2021-01-06 18:32:00.901126','2021-01-06 18:32:00.901126','상일동'),(287,'2021-01-06 18:32:00.901126','2021-01-06 18:32:00.901126','방이'),(289,'2021-01-06 18:32:00.901126','2021-01-06 18:32:00.901126','개롱'),(290,'2021-01-06 18:32:00.901126','2021-01-06 18:32:00.901126','거여'),(291,'2021-01-06 18:32:00.901126','2021-01-06 18:32:00.901126','마천'),(293,'2021-01-06 18:32:00.901126','2021-01-06 18:32:00.901126','청구'),(294,'2021-01-06 18:32:00.901126','2021-01-06 18:32:00.901126','망원'),(296,'2021-01-06 18:32:00.901126','2021-01-06 18:32:00.901126','상수'),(297,'2021-01-06 18:32:00.901126','2021-01-06 18:32:00.901126','광흥창'),(298,'2021-01-06 18:32:00.901126','2021-01-06 18:32:00.901126','대흥'),(299,'2021-01-06 18:32:00.901126','2021-01-06 18:32:00.901126','버티고개'),(303,'2021-01-06 18:32:00.901126','2021-01-06 18:32:00.901126','응암'),(304,'2021-01-06 18:32:00.901126','2021-01-06 18:32:00.901126','역촌'),(306,'2021-01-06 18:32:00.901126','2021-01-06 18:32:00.901126','독바위'),(308,'2021-01-06 18:32:00.901126','2021-01-06 18:32:00.901126','구산'),(309,'2021-01-06 18:32:00.901126','2021-01-06 18:32:00.901126','새절'),(310,'2021-01-06 18:32:00.901126','2021-01-06 18:32:00.901126','증산'),(311,'2021-01-06 18:32:00.901126','2021-01-06 18:32:00.901126','디지털미디어시티'),(312,'2021-01-06 18:32:00.901126','2021-01-06 18:32:00.901126','월드컵경기장'),(313,'2021-01-06 18:32:00.901126','2021-01-06 18:32:00.901126','마포구청'),(315,'2021-01-06 18:32:00.901126','2021-01-06 18:32:00.901126','효창공원앞'),(317,'2021-01-06 18:32:00.901126','2021-01-06 18:32:00.901126','녹사평'),(318,'2021-01-06 18:32:00.901126','2021-01-06 18:32:00.901126','이태원'),(319,'2021-01-06 18:32:00.901126','2021-01-06 18:32:00.901126','한강진'),(321,'2021-01-06 18:32:00.901126','2021-01-06 18:32:00.901126','창신'),(322,'2021-01-06 18:32:00.901126','2021-01-06 18:32:00.901126','보문'),(323,'2021-01-06 18:32:00.901126','2021-01-06 18:32:00.901126','안암'),(324,'2021-01-06 18:32:00.901126','2021-01-06 18:32:00.901126','고려대'),(325,'2021-01-06 18:32:00.901126','2021-01-06 18:32:00.901126','월곡'),(326,'2021-01-06 18:32:00.901126','2021-01-06 18:32:00.901126','상월곡'),(327,'2021-01-06 18:32:00.901126','2021-01-06 18:32:00.901126','돌곶이'),(329,'2021-01-06 18:32:00.901126','2021-01-06 18:32:00.901126','태릉입구'),(330,'2021-01-06 18:32:00.901126','2021-01-06 18:32:00.901126','화랑대'),(331,'2021-01-06 18:32:00.901126','2021-01-06 18:32:00.901126','봉화산'),(332,'2021-01-06 18:32:00.901126','2021-01-06 18:32:00.901126','신내'),(334,'2021-01-06 18:32:00.901126','2021-01-06 18:32:00.901126','강남구청'),(335,'2021-01-06 18:32:00.901126','2021-01-06 18:32:00.901126','학동'),(336,'2021-01-06 18:32:00.901126','2021-01-06 18:32:00.901126','논현'),(337,'2021-01-06 18:32:00.901126','2021-01-06 18:32:00.901126','반포'),(339,'2021-01-06 18:32:00.901126','2021-01-06 18:32:00.901126','내방'),(340,'2021-01-06 18:32:00.901126','2021-01-06 18:32:00.901126','이수'),(341,'2021-01-06 18:32:00.901126','2021-01-06 18:32:00.901126','까치울'),(342,'2021-01-06 18:32:00.901126','2021-01-06 18:32:00.901126','부천종합운동장'),(343,'2021-01-06 18:32:00.901126','2021-01-06 18:32:00.901126','춘의'),(344,'2021-01-06 18:32:00.901126','2021-01-06 18:32:00.901126','부평구청'),(345,'2021-01-06 18:32:00.901126','2021-01-06 18:32:00.901126','사가정'),(346,'2021-01-06 18:32:00.901126','2021-01-06 18:32:00.901126','용마산'),(347,'2021-01-06 18:32:00.901126','2021-01-06 18:32:00.901126','중곡'),(348,'2021-01-06 18:32:00.901126','2021-01-06 18:32:00.901126','어린이대공원'),(349,'2021-01-06 18:32:00.901126','2021-01-06 18:32:00.901126','남성'),(350,'2021-01-06 18:32:00.901126','2021-01-06 18:32:00.901126','숭실대입구'),(351,'2021-01-06 18:32:00.901126','2021-01-06 18:32:00.901126','상도'),(352,'2021-01-06 18:32:00.901126','2021-01-06 18:32:00.901126','장승배기'),(353,'2021-01-06 18:32:00.901126','2021-01-06 18:32:00.901126','신대방삼거리'),(354,'2021-01-06 18:32:00.901126','2021-01-06 18:32:00.901126','보라매'),(355,'2021-01-06 18:32:00.901126','2021-01-06 18:32:00.901126','신풍'),(357,'2021-01-06 18:32:00.901126','2021-01-06 18:32:00.901126','남구로'),(359,'2021-01-06 18:32:00.901126','2021-01-06 18:32:00.901126','철산'),(360,'2021-01-06 18:32:00.901126','2021-01-06 18:32:00.901126','광명사거리'),(361,'2021-01-06 18:32:00.901126','2021-01-06 18:32:00.901126','천왕'),(363,'2021-01-06 18:32:00.901126','2021-01-06 18:32:00.901126','장암'),(364,'2021-01-06 18:32:00.901126','2021-01-06 18:32:00.901126','중화'),(365,'2021-01-06 18:32:00.901126','2021-01-06 18:32:00.901126','상봉'),(366,'2021-01-06 18:32:00.901126','2021-01-06 18:32:00.901126','면목'),(368,'2021-01-06 18:32:00.901126','2021-01-06 18:32:00.901126','뚝섬유원지'),(369,'2021-01-06 18:32:00.901126','2021-01-06 18:32:00.901126','청담'),(371,'2021-01-06 18:32:00.901126','2021-01-06 18:32:00.901126','수락산'),(372,'2021-01-06 18:32:00.901126','2021-01-06 18:32:00.901126','마들'),(374,'2021-01-06 18:32:00.901126','2021-01-06 18:32:00.901126','중계'),(375,'2021-01-06 18:32:00.901126','2021-01-06 18:32:00.901126','하계'),(376,'2021-01-06 18:32:00.901126','2021-01-06 18:32:00.901126','공릉'),(378,'2021-01-06 18:32:00.901126','2021-01-06 18:32:00.901126','먹골'),(379,'2021-01-06 18:32:00.901126','2021-01-06 18:32:00.901126','신중동'),(380,'2021-01-06 18:32:00.901126','2021-01-06 18:32:00.901126','부천시청'),(381,'2021-01-06 18:32:00.901126','2021-01-06 18:32:00.901126','상동'),(382,'2021-01-06 18:32:00.901126','2021-01-06 18:32:00.901126','삼산체육관'),(383,'2021-01-06 18:32:00.901126','2021-01-06 18:32:00.901126','굴포천'),(384,'2021-01-06 18:32:00.901126','2021-01-06 18:32:00.901126','암사'),(386,'2021-01-06 18:32:00.901126','2021-01-06 18:32:00.901126','강동구청'),(387,'2021-01-06 18:32:00.901126','2021-01-06 18:32:00.901126','몽촌토성'),(389,'2021-01-06 18:32:00.901126','2021-01-06 18:32:00.901126','신흥'),(390,'2021-01-06 18:32:00.901126','2021-01-06 18:32:00.901126','수진'),(391,'2021-01-06 18:32:00.901126','2021-01-06 18:32:00.901126','모란'),(392,'2021-01-06 18:32:00.901126','2021-01-06 18:32:00.901126','석촌'),(393,'2021-01-06 18:32:00.901126','2021-01-06 18:32:00.901126','송파'),(395,'2021-01-06 18:32:00.901126','2021-01-06 18:32:00.901126','문정'),(396,'2021-01-06 18:32:00.901126','2021-01-06 18:32:00.901126','장지'),(397,'2021-01-06 18:32:00.901126','2021-01-06 18:32:00.901126','복정'),(398,'2021-01-06 18:32:00.901126','2021-01-06 18:32:00.901126','산성'),(399,'2021-01-06 18:32:00.901126','2021-01-06 18:32:00.901126','남한산성입구'),(400,'2021-01-06 18:32:00.901126','2021-01-06 18:32:00.901126','단대오거리'),(401,'2021-01-06 18:32:00.901126','2021-01-06 18:32:00.901126','석촌고분'),(403,'2021-01-06 18:32:00.901126','2021-01-06 18:32:00.901126','송파나루'),(404,'2021-01-06 18:32:00.901126','2021-01-06 18:32:00.901126','한성백제'),(406,'2021-01-06 18:32:00.901126','2021-01-06 18:32:00.901126','둔촌오륜'),(407,'2021-01-06 18:32:00.901126','2021-01-06 18:32:00.901126','선정릉'),(408,'2021-01-06 18:32:00.901126','2021-01-06 18:32:00.901126','삼성중앙'),(409,'2021-01-06 18:32:00.901126','2021-01-06 18:32:00.901126','봉은사'),(411,'2021-01-06 18:32:00.901126','2021-01-06 18:32:00.901126','삼전'),(412,'2021-01-06 18:32:00.901126','2021-01-06 18:32:00.901126','중앙보훈병원'),(413,'2021-01-06 18:32:00.901126','2021-01-06 18:32:00.901126','개화'),(415,'2021-01-06 18:32:00.901126','2021-01-06 18:32:00.901126','공항시장'),(416,'2021-01-06 18:32:00.901126','2021-01-06 18:32:00.901126','신방화'),(417,'2021-01-06 18:32:00.901126','2021-01-06 18:32:00.901126','마곡나루'),(418,'2021-01-06 18:32:00.901126','2021-01-06 18:32:00.901126','양천향교'),(419,'2021-01-06 18:32:00.901126','2021-01-06 18:32:00.901126','증미'),(420,'2021-01-06 18:32:00.901126','2021-01-06 18:32:00.901126','등촌'),(421,'2021-01-06 18:32:00.901126','2021-01-06 18:32:00.901126','선유도'),(422,'2021-01-06 18:32:00.901126','2021-01-06 18:32:00.901126','샛강'),(424,'2021-01-06 18:32:00.901126','2021-01-06 18:32:00.901126','흑석'),(425,'2021-01-06 18:32:00.901126','2021-01-06 18:32:00.901126','구반포'),(426,'2021-01-06 18:32:00.901126','2021-01-06 18:32:00.901126','신반포'),(427,'2021-01-06 18:32:00.901126','2021-01-06 18:32:00.901126','신논현'),(428,'2021-01-06 18:32:00.901126','2021-01-06 18:32:00.901126','염창'),(429,'2021-01-06 18:32:00.901126','2021-01-06 18:32:00.901126','신목동'),(431,'2021-01-06 18:32:00.901126','2021-01-06 18:32:00.901126','국회의사당'),(433,'2021-01-06 18:32:00.901126','2021-01-06 18:32:00.901126','노들'),(436,'2021-01-06 18:32:00.901126','2021-01-06 18:32:00.901126','사평'),(437,'2021-01-06 18:32:00.901126','2021-01-06 18:32:00.901126','가양'),(438,'2021-01-06 18:32:00.901126','2021-01-06 18:32:00.901126','언주'),(439,'2021-01-06 18:32:00.901126','2021-01-06 18:32:00.901126','삼동'),(440,'2021-01-06 18:32:00.901126','2021-01-06 18:32:00.901126','경기광주'),(441,'2021-01-06 18:32:00.901126','2021-01-06 18:32:00.901126','초월'),(442,'2021-01-06 18:32:00.901126','2021-01-06 18:32:00.901126','곤지암'),(443,'2021-01-06 18:32:00.901126','2021-01-06 18:32:00.901126','신둔도예촌'),(444,'2021-01-06 18:32:00.901126','2021-01-06 18:32:00.901126','이천'),(445,'2021-01-06 18:32:00.901126','2021-01-06 18:32:00.901126','부발'),(446,'2021-01-06 18:32:00.901126','2021-01-06 18:32:00.901126','여주'),(447,'2021-01-06 18:32:00.901126','2021-01-06 18:32:00.901126','세종대왕릉'),(448,'2021-01-06 18:32:00.901126','2021-01-06 18:32:00.901126','이매'),(449,'2021-01-06 18:32:00.901126','2021-01-06 18:32:00.901126','판교'),(451,'2021-01-06 18:32:00.901126','2021-01-06 18:32:00.901126','서빙고'),(455,'2021-01-06 18:32:00.901126','2021-01-06 18:32:00.901126','중랑'),(457,'2021-01-06 18:32:00.901126','2021-01-06 18:32:00.901126','망우'),(458,'2021-01-06 18:32:00.901126','2021-01-06 18:32:00.901126','양원'),(459,'2021-01-06 18:32:00.901126','2021-01-06 18:32:00.901126','구리'),(460,'2021-01-06 18:32:00.901126','2021-01-06 18:32:00.901126','도농'),(461,'2021-01-06 18:32:00.901126','2021-01-06 18:32:00.901126','양정'),(462,'2021-01-06 18:32:00.901126','2021-01-06 18:32:00.901126','덕소'),(463,'2021-01-06 18:32:00.901126','2021-01-06 18:32:00.901126','도심'),(464,'2021-01-06 18:32:00.901126','2021-01-06 18:32:00.901126','팔당'),(465,'2021-01-06 18:32:00.901126','2021-01-06 18:32:00.901126','운길산'),(466,'2021-01-06 18:32:00.901126','2021-01-06 18:32:00.901126','양수'),(467,'2021-01-06 18:32:00.901126','2021-01-06 18:32:00.901126','신원'),(468,'2021-01-06 18:32:00.901126','2021-01-06 18:32:00.901126','응봉'),(469,'2021-01-06 18:32:00.901126','2021-01-06 18:32:00.901126','국수'),(470,'2021-01-06 18:32:00.901126','2021-01-06 18:32:00.901126','아신'),(471,'2021-01-06 18:32:00.901126','2021-01-06 18:32:00.901126','오빈'),(473,'2021-01-06 18:32:00.901126','2021-01-06 18:32:00.901126','원덕'),(474,'2021-01-06 18:32:00.901126','2021-01-06 18:32:00.901126','용문'),(475,'2021-01-06 18:32:00.901126','2021-01-06 18:32:00.901126','지평'),(480,'2021-01-06 18:32:00.901126','2021-01-06 18:32:00.901126','수색'),(481,'2021-01-06 18:32:00.901126','2021-01-06 18:32:00.901126','화전'),(482,'2021-01-06 18:32:00.901126','2021-01-06 18:32:00.901126','강매'),(483,'2021-01-06 18:32:00.901126','2021-01-06 18:32:00.901126','행신'),(484,'2021-01-06 18:32:00.901126','2021-01-06 18:32:00.901126','능곡'),(485,'2021-01-06 18:32:00.901126','2021-01-06 18:32:00.901126','곡산'),(486,'2021-01-06 18:32:00.901126','2021-01-06 18:32:00.901126','풍산'),(487,'2021-01-06 18:32:00.901126','2021-01-06 18:32:00.901126','일산'),(488,'2021-01-06 18:32:00.901126','2021-01-06 18:32:00.901126','탄현'),(489,'2021-01-06 18:32:00.901126','2021-01-06 18:32:00.901126','운정'),(490,'2021-01-06 18:32:00.901126','2021-01-06 18:32:00.901126','금릉'),(491,'2021-01-06 18:32:00.901126','2021-01-06 18:32:00.901126','월롱'),(492,'2021-01-06 18:32:00.901126','2021-01-06 18:32:00.901126','파주'),(493,'2021-01-06 18:32:00.901126','2021-01-06 18:32:00.901126','문산'),(494,'2021-01-06 18:32:00.901126','2021-01-06 18:32:00.901126','임진강'),(495,'2021-01-06 18:32:00.901126','2021-01-06 18:32:00.901126','서강대'),(496,'2021-01-06 18:32:00.901126','2021-01-06 18:32:00.901126','백마'),(497,'2021-01-06 18:32:00.901126','2021-01-06 18:32:00.901126','야당'),(498,'2021-01-06 18:32:00.901126','2021-01-06 18:32:00.901126','금촌'),(501,'2021-01-06 18:32:00.901126','2021-01-06 18:32:00.901126','한남'),(504,'2021-01-06 18:32:00.901126','2021-01-06 18:32:00.901126','가좌'),(511,'2021-01-06 18:32:00.901126','2021-01-06 18:32:00.901126','갈매'),(512,'2021-01-06 18:32:00.901126','2021-01-06 18:32:00.901126','별내'),(513,'2021-01-06 18:32:00.901126','2021-01-06 18:32:00.901126','퇴계원'),(514,'2021-01-06 18:32:00.901126','2021-01-06 18:32:00.901126','사릉'),(515,'2021-01-06 18:32:00.901126','2021-01-06 18:32:00.901126','평내호평'),(516,'2021-01-06 18:32:00.901126','2021-01-06 18:32:00.901126','마석'),(517,'2021-01-06 18:32:00.901126','2021-01-06 18:32:00.901126','대성리'),(518,'2021-01-06 18:32:00.901126','2021-01-06 18:32:00.901126','청평'),(519,'2021-01-06 18:32:00.901126','2021-01-06 18:32:00.901126','상천'),(520,'2021-01-06 18:32:00.901126','2021-01-06 18:32:00.901126','가평'),(521,'2021-01-06 18:32:00.901126','2021-01-06 18:32:00.901126','굴봉산'),(522,'2021-01-06 18:32:00.901126','2021-01-06 18:32:00.901126','백양리'),(523,'2021-01-06 18:32:00.901126','2021-01-06 18:32:00.901126','강촌'),(524,'2021-01-06 18:32:00.901126','2021-01-06 18:32:00.901126','김유정'),(525,'2021-01-06 18:32:00.901126','2021-01-06 18:32:00.901126','남춘천'),(526,'2021-01-06 18:32:00.901126','2021-01-06 18:32:00.901126','금곡'),(527,'2021-01-06 18:32:00.901126','2021-01-06 18:32:00.901126','천마산'),(528,'2021-01-06 18:32:00.901126','2021-01-06 18:32:00.901126','춘천'),(531,'2021-01-06 18:32:00.901126','2021-01-06 18:32:00.901126','계양'),(533,'2021-01-06 18:32:00.901126','2021-01-06 18:32:00.901126','검암'),(537,'2021-01-06 18:32:00.901126','2021-01-06 18:32:00.901126','청라국제도시'),(538,'2021-01-06 18:32:00.901126','2021-01-06 18:32:00.901126','운서'),(539,'2021-01-06 18:32:00.901126','2021-01-06 18:32:00.901126','공항화물청사'),(540,'2021-01-06 18:32:00.901126','2021-01-06 18:32:00.901126','인천공항1터미널'),(541,'2021-01-06 18:32:00.901126','2021-01-06 18:32:00.901126','인천공항2터미널'),(542,'2021-01-06 18:32:00.901126','2021-01-06 18:32:00.901126','영종'),(543,'2021-01-06 18:32:00.901126','2021-01-06 18:32:00.901126','양촌'),(544,'2021-01-06 18:32:00.901126','2021-01-06 18:32:00.901126','구래'),(545,'2021-01-06 18:32:00.901126','2021-01-06 18:32:00.901126','마산'),(546,'2021-01-06 18:32:00.901126','2021-01-06 18:32:00.901126','장기'),(547,'2021-01-06 18:32:00.901126','2021-01-06 18:32:00.901126','운양'),(548,'2021-01-06 18:32:00.901126','2021-01-06 18:32:00.901126','걸포북변'),(549,'2021-01-06 18:32:00.901126','2021-01-06 18:32:00.901126','사우'),(550,'2021-01-06 18:32:00.901126','2021-01-06 18:32:00.901126','풍무'),(551,'2021-01-06 18:32:00.901126','2021-01-06 18:32:00.901126','고촌'),(554,'2021-01-06 18:32:00.901126','2021-01-06 18:32:00.901126','한티'),(556,'2021-01-06 18:32:00.901126','2021-01-06 18:32:00.901126','구룡'),(557,'2021-01-06 18:32:00.901126','2021-01-06 18:32:00.901126','개포동'),(558,'2021-01-06 18:32:00.901126','2021-01-06 18:32:00.901126','대모산입구'),(562,'2021-01-06 18:32:00.901126','2021-01-06 18:32:00.901126','서울숲'),(563,'2021-01-06 18:32:00.901126','2021-01-06 18:32:00.901126','압구정로데오'),(566,'2021-01-06 18:32:00.901126','2021-01-06 18:32:00.901126','가천대'),(567,'2021-01-06 18:32:00.901126','2021-01-06 18:32:00.901126','태평'),(569,'2021-01-06 18:32:00.901126','2021-01-06 18:32:00.901126','야탑'),(570,'2021-01-06 18:32:00.901126','2021-01-06 18:32:00.901126','서현'),(571,'2021-01-06 18:32:00.901126','2021-01-06 18:32:00.901126','수내'),(572,'2021-01-06 18:32:00.901126','2021-01-06 18:32:00.901126','정자'),(573,'2021-01-06 18:32:00.901126','2021-01-06 18:32:00.901126','미금'),(575,'2021-01-06 18:32:00.901126','2021-01-06 18:32:00.901126','신갈'),(576,'2021-01-06 18:32:00.901126','2021-01-06 18:32:00.901126','상갈'),(577,'2021-01-06 18:32:00.901126','2021-01-06 18:32:00.901126','청명'),(578,'2021-01-06 18:32:00.901126','2021-01-06 18:32:00.901126','영통'),(579,'2021-01-06 18:32:00.901126','2021-01-06 18:32:00.901126','망포'),(580,'2021-01-06 18:32:00.901126','2021-01-06 18:32:00.901126','매탄권선'),(581,'2021-01-06 18:32:00.901126','2021-01-06 18:32:00.901126','수원시청'),(582,'2021-01-06 18:32:00.901126','2021-01-06 18:32:00.901126','매교'),(583,'2021-01-06 18:32:00.901126','2021-01-06 18:32:00.901126','구성'),(585,'2021-01-06 18:32:00.901126','2021-01-06 18:32:00.901126','보정'),(586,'2021-01-06 18:32:00.901126','2021-01-06 18:32:00.901126','오리'),(587,'2021-01-06 18:32:00.901126','2021-01-06 18:32:00.901126','죽전'),(588,'2021-01-06 18:32:00.901126','2021-01-06 18:32:00.901126','기흥'),(591,'2021-01-06 18:32:00.901126','2021-01-06 18:32:00.901126','소새울'),(592,'2021-01-06 18:32:00.901126','2021-01-06 18:32:00.901126','시흥대야'),(593,'2021-01-06 18:32:00.901126','2021-01-06 18:32:00.901126','신천'),(594,'2021-01-06 18:32:00.901126','2021-01-06 18:32:00.901126','신현'),(595,'2021-01-06 18:32:00.901126','2021-01-06 18:32:00.901126','시흥시청'),(596,'2021-01-06 18:32:00.901126','2021-01-06 18:32:00.901126','시흥능곡'),(597,'2021-01-06 18:32:00.901126','2021-01-06 18:32:00.901126','달미'),(598,'2021-01-06 18:32:00.901126','2021-01-06 18:32:00.901126','선부'),(600,'2021-01-06 18:32:00.901126','2021-01-06 18:32:00.901126','원곡'),(601,'2021-01-06 18:32:00.901126','2021-01-06 18:32:00.901126','원시'),(603,'2021-01-06 18:32:00.901126','2021-01-06 18:32:00.901126','달월'),(604,'2021-01-06 18:32:00.901126','2021-01-06 18:32:00.901126','월곶'),(605,'2021-01-06 18:32:00.901126','2021-01-06 18:32:00.901126','소래포구'),(606,'2021-01-06 18:32:00.901126','2021-01-06 18:32:00.901126','인천논현'),(607,'2021-01-06 18:32:00.901126','2021-01-06 18:32:00.901126','호구포'),(608,'2021-01-06 18:32:00.901126','2021-01-06 18:32:00.901126','남동인더스파크'),(609,'2021-01-06 18:32:00.901126','2021-01-06 18:32:00.901126','원인재'),(610,'2021-01-06 18:32:00.901126','2021-01-06 18:32:00.901126','연수'),(611,'2021-01-06 18:32:00.901126','2021-01-06 18:32:00.901126','송도'),(612,'2021-01-06 18:32:00.901126','2021-01-06 18:32:00.901126','인하대'),(613,'2021-01-06 18:32:00.901126','2021-01-06 18:32:00.901126','숭의'),(615,'2021-01-06 18:32:00.901126','2021-01-06 18:32:00.901126','신포'),(616,'2021-01-06 18:32:00.901126','2021-01-06 18:32:00.901126','동천'),(617,'2021-01-06 18:32:00.901126','2021-01-06 18:32:00.901126','수지구청'),(618,'2021-01-06 18:32:00.901126','2021-01-06 18:32:00.901126','성복'),(619,'2021-01-06 18:32:00.901126','2021-01-06 18:32:00.901126','상현'),(620,'2021-01-06 18:32:00.901126','2021-01-06 18:32:00.901126','광교중앙'),(623,'2021-01-06 18:32:00.901126','2021-01-06 18:32:00.901126','양재시민의숲'),(625,'2021-01-06 18:32:00.901126','2021-01-06 18:32:00.901126','광교'),(628,'2021-01-06 18:32:00.901126','2021-01-06 18:32:00.901126','청계산입구'),(629,'2021-01-06 18:32:00.901126','2021-01-06 18:32:00.901126','강남대'),(630,'2021-01-06 18:32:00.901126','2021-01-06 18:32:00.901126','지석'),(631,'2021-01-06 18:32:00.901126','2021-01-06 18:32:00.901126','어정'),(632,'2021-01-06 18:32:00.901126','2021-01-06 18:32:00.901126','동백'),(633,'2021-01-06 18:32:00.901126','2021-01-06 18:32:00.901126','초당'),(634,'2021-01-06 18:32:00.901126','2021-01-06 18:32:00.901126','시청.용인대'),(635,'2021-01-06 18:32:00.901126','2021-01-06 18:32:00.901126','명지대'),(636,'2021-01-06 18:32:00.901126','2021-01-06 18:32:00.901126','김량장'),(637,'2021-01-06 18:32:00.901126','2021-01-06 18:32:00.901126','운동장.송담대'),(638,'2021-01-06 18:32:00.901126','2021-01-06 18:32:00.901126','고진'),(639,'2021-01-06 18:32:00.901126','2021-01-06 18:32:00.901126','보평'),(640,'2021-01-06 18:32:00.901126','2021-01-06 18:32:00.901126','둔전'),(641,'2021-01-06 18:32:00.901126','2021-01-06 18:32:00.901126','삼가'),(642,'2021-01-06 18:32:00.901126','2021-01-06 18:32:00.901126','전대.에버랜드'),(644,'2021-01-06 18:32:00.901126','2021-01-06 18:32:00.901126','북한산우이'),(645,'2021-01-06 18:32:00.901126','2021-01-06 18:32:00.901126','솔밭공원'),(646,'2021-01-06 18:32:00.901126','2021-01-06 18:32:00.901126','4?19민주묘지'),(647,'2021-01-06 18:32:00.901126','2021-01-06 18:32:00.901126','가오리'),(648,'2021-01-06 18:32:00.901126','2021-01-06 18:32:00.901126','삼양사거리'),(649,'2021-01-06 18:32:00.901126','2021-01-06 18:32:00.901126','솔샘'),(650,'2021-01-06 18:32:00.901126','2021-01-06 18:32:00.901126','북한산보국문'),(651,'2021-01-06 18:32:00.901126','2021-01-06 18:32:00.901126','정릉'),(655,'2021-01-06 18:32:00.901126','2021-01-06 18:32:00.901126','화계'),(656,'2021-01-06 18:32:00.901126','2021-01-06 18:32:00.901126','삼양'),(657,'2021-01-06 18:32:00.901126','2021-01-06 18:32:00.901126','동오'),(658,'2021-01-06 18:32:00.901126','2021-01-06 18:32:00.901126','새말'),(659,'2021-01-06 18:32:00.901126','2021-01-06 18:32:00.901126','경기도청북부청사'),(660,'2021-01-06 18:32:00.901126','2021-01-06 18:32:00.901126','효자'),(662,'2021-01-06 18:32:00.901126','2021-01-06 18:32:00.901126','범골'),(663,'2021-01-06 18:32:00.901126','2021-01-06 18:32:00.901126','경전철의정부'),(664,'2021-01-06 18:32:00.901126','2021-01-06 18:32:00.901126','의정부시청'),(665,'2021-01-06 18:32:00.901126','2021-01-06 18:32:00.901126','흥선'),(666,'2021-01-06 18:32:00.901126','2021-01-06 18:32:00.901126','의정부중앙'),(667,'2021-01-06 18:32:00.901126','2021-01-06 18:32:00.901126','곤제'),(668,'2021-01-06 18:32:00.901126','2021-01-06 18:32:00.901126','어룡'),(669,'2021-01-06 18:32:00.901126','2021-01-06 18:32:00.901126','발곡'),(670,'2021-01-06 18:32:00.901126','2021-01-06 18:32:00.901126','송산'),(671,'2021-01-06 18:32:00.901126','2021-01-06 18:32:00.901126','탑석'),(672,'2021-01-06 18:32:00.901126','2021-01-06 18:32:00.901126','검단사거리'),(673,'2021-01-06 18:32:00.901126','2021-01-06 18:32:00.901126','인천대공원'),(674,'2021-01-06 18:32:00.901126','2021-01-06 18:32:00.901126','마전'),(675,'2021-01-06 18:32:00.901126','2021-01-06 18:32:00.901126','독정'),(676,'2021-01-06 18:32:00.901126','2021-01-06 18:32:00.901126','검바위'),(677,'2021-01-06 18:32:00.901126','2021-01-06 18:32:00.901126','서구청'),(678,'2021-01-06 18:32:00.901126','2021-01-06 18:32:00.901126','가정'),(679,'2021-01-06 18:32:00.901126','2021-01-06 18:32:00.901126','인천가좌'),(680,'2021-01-06 18:32:00.901126','2021-01-06 18:32:00.901126','가재울'),(681,'2021-01-06 18:32:00.901126','2021-01-06 18:32:00.901126','주안국가산단'),(682,'2021-01-06 18:32:00.901126','2021-01-06 18:32:00.901126','인천시청'),(683,'2021-01-06 18:32:00.901126','2021-01-06 18:32:00.901126','석천사거리'),(684,'2021-01-06 18:32:00.901126','2021-01-06 18:32:00.901126','모래내시장'),(685,'2021-01-06 18:32:00.901126','2021-01-06 18:32:00.901126','만수'),(686,'2021-01-06 18:32:00.901126','2021-01-06 18:32:00.901126','운연'),(688,'2021-01-06 18:32:00.901126','2021-01-06 18:32:00.901126','가정중앙시장'),(689,'2021-01-06 18:32:00.901126','2021-01-06 18:32:00.901126','석남'),(690,'2021-01-06 18:32:00.901126','2021-01-06 18:32:00.901126','서부여성회관'),(692,'2021-01-06 18:32:00.901126','2021-01-06 18:32:00.901126','시민공원'),(693,'2021-01-06 18:32:00.901126','2021-01-06 18:32:00.901126','석바위시장'),(694,'2021-01-06 18:32:00.901126','2021-01-06 18:32:00.901126','왕길'),(695,'2021-01-06 18:32:00.901126','2021-01-06 18:32:00.901126','완정'),(696,'2021-01-06 18:32:00.901126','2021-01-06 18:32:00.901126','남동구청'),(697,'2021-01-06 18:32:00.901126','2021-01-06 18:32:00.901126','아시아드경기장'),(698,'2021-01-06 18:32:00.901126','2021-01-06 18:32:00.901126','검단오류'),(700,'2021-01-06 18:32:00.901126','2021-01-06 18:32:00.901126','귤현'),(701,'2021-01-06 18:32:00.901126','2021-01-06 18:32:00.901126','박촌'),(702,'2021-01-06 18:32:00.901126','2021-01-06 18:32:00.901126','임학'),(703,'2021-01-06 18:32:00.901126','2021-01-06 18:32:00.901126','계산'),(704,'2021-01-06 18:32:00.901126','2021-01-06 18:32:00.901126','경인교대입구'),(705,'2021-01-06 18:32:00.901126','2021-01-06 18:32:00.901126','작전'),(706,'2021-01-06 18:32:00.901126','2021-01-06 18:32:00.901126','갈산'),(708,'2021-01-06 18:32:00.901126','2021-01-06 18:32:00.901126','부평시장'),(710,'2021-01-06 18:32:00.901126','2021-01-06 18:32:00.901126','동수'),(711,'2021-01-06 18:32:00.901126','2021-01-06 18:32:00.901126','부평삼거리'),(713,'2021-01-06 18:32:00.901126','2021-01-06 18:32:00.901126','예술회관'),(714,'2021-01-06 18:32:00.901126','2021-01-06 18:32:00.901126','인천터미널'),(715,'2021-01-06 18:32:00.901126','2021-01-06 18:32:00.901126','문학경기장'),(716,'2021-01-06 18:32:00.901126','2021-01-06 18:32:00.901126','선학'),(717,'2021-01-06 18:32:00.901126','2021-01-06 18:32:00.901126','신연수'),(719,'2021-01-06 18:32:00.901126','2021-01-06 18:32:00.901126','동춘'),(720,'2021-01-06 18:32:00.901126','2021-01-06 18:32:00.901126','동막'),(721,'2021-01-06 18:32:00.901126','2021-01-06 18:32:00.901126','캠퍼스타운'),(722,'2021-01-06 18:32:00.901126','2021-01-06 18:32:00.901126','테크노파크'),(723,'2021-01-06 18:32:00.901126','2021-01-06 18:32:00.901126','지식정보단지'),(724,'2021-01-06 18:32:00.901126','2021-01-06 18:32:00.901126','인천대입구'),(725,'2021-01-06 18:32:00.901126','2021-01-06 18:32:00.901126','센트럴파크'),(726,'2021-01-06 18:32:00.901126','2021-01-06 18:32:00.901126','국제업무지구'),(727,'2021-01-06 18:32:00.901126','2021-01-06 18:32:00.901126','간석오거리');
-- /*!40000 ALTER TABLE `station` ENABLE KEYS */;
-- UNLOCK TABLES;

--
-- Dumping routines for database 'subway'
--
/*!50003 DROP PROCEDURE IF EXISTS `CreateSection` */;
/*!50003 SET @saved_cs_client      = @@character_set_client */ ;
/*!50003 SET @saved_cs_results     = @@character_set_results */ ;
/*!50003 SET @saved_col_connection = @@collation_connection */ ;
/*!50003 SET character_set_client  = utf8mb4 */ ;
/*!50003 SET character_set_results = utf8mb4 */ ;
/*!50003 SET collation_connection  = utf8mb4_general_ci */ ;
/*!50003 SET @saved_sql_mode       = @@sql_mode */ ;
/*!50003 SET sql_mode              = 'ONLY_FULL_GROUP_BY,STRICT_TRANS_TABLES,NO_ZERO_IN_DATE,NO_ZERO_DATE,ERROR_FOR_DIVISION_BY_ZERO,NO_AUTO_CREATE_USER,NO_ENGINE_SUBSTITUTION' */ ;
DELIMITER ;;
CREATE DEFINER=`root`@`%` PROCEDURE `CreateSection`(IN up varchar(255), IN down varchar(255), IN line varchar(255))
BEGIN
 	 DECLARE up_id INT default 0;
 	 DECLARE down_id INT default 0;
 	 DECLARE line_id INT default 0;

   SET up_id = (SELECT id FROM station WHERE name = up);
   SET down_id = (SELECT id FROM station WHERE name = down);
   SET line_id = (SELECT id FROM line WHERE name = line);
INSERT INTO section VALUES (0, 1, down_id, line_id, up_id);
END ;;
DELIMITER ;
/*!50003 SET sql_mode              = @saved_sql_mode */ ;
/*!50003 SET character_set_client  = @saved_cs_client */ ;
/*!50003 SET character_set_results = @saved_cs_results */ ;
/*!50003 SET collation_connection  = @saved_col_connection */ ;
/*!40103 SET TIME_ZONE=@OLD_TIME_ZONE */;

/*!40101 SET SQL_MODE=@OLD_SQL_MODE */;
/*!40014 SET FOREIGN_KEY_CHECKS=@OLD_FOREIGN_KEY_CHECKS */;
/*!40014 SET UNIQUE_CHECKS=@OLD_UNIQUE_CHECKS */;
/*!40101 SET CHARACTER_SET_CLIENT=@OLD_CHARACTER_SET_CLIENT */;
/*!40101 SET CHARACTER_SET_RESULTS=@OLD_CHARACTER_SET_RESULTS */;
/*!40101 SET COLLATION_CONNECTION=@OLD_COLLATION_CONNECTION */;
/*!40111 SET SQL_NOTES=@OLD_SQL_NOTES */;

-- Dump completed on 2021-06-27  9:37:47
